Size,Seq,2,4,8
14,1.23775230000000000000,1.00926765000000000000,.84317820000000000000,.83951040000000000000
15,5.06299845000000000000,3.38116265000000000000,2.69296990000000000000,2.57985355000000000000
