Size,Seq,2,4,8
14,1.18807510000000000000,.71165740000000000000,.51002700000000000000,.45401565000000000000
15,5.02543155000000000000,3.03973700000000000000,2.18255620000000000000,1.91194135000000000000
16,21.76249700000000000000,13.21452680000000000000,9.55139840000000000000,8.43182440000000000000
17,90.85010646666666666666,54.96609145000000000000,39.82439675000000000000,35.09659415000000000000
18,389.13874600000000000000,235.90693893333333333333,171.26566440000000000000,150.65779786666666666666
19,1615.06205640000000000000,973.62976280000000000000,713.39457180000000000000,625.22787960000000000000
