Size,Seq,2,4,8
14,1.23767715000000000000,.73917015000000000000,.56650715000000000000,.55544765000000000000
15,5.06291815000000000000,3.11077530000000000000,2.41740250000000000000,2.29811510000000000000
